id,user_id,name,type,balance,currency
dbcb531a-0256-4704-be95-425e3c4f9abb,5dfb98ea-999e-40c5-b107-9f9807844fb0,Tài khoản Techcombank,BANK,0,VND
a2dc4176-0770-4641-bfce-b1458d3483a7,82e08baf-f1bc-4826-b637-3befb0b2634d,Tài khoản Vietcombank,BANK,0,VND
5df3a003-1743-48c7-a737-adddd56254ab,6d681108-6cfd-4e90-aef6-470047b94796,Ví ZaloPay,E_WALLET,0,VND
80c726a1-a60f-4566-bdca-40b42a62b63f,6732e5f2-08dd-44fa-98df-aedec94d3043,Ví Momo,E_WALLET,0,VND
93bbce0b-2d35-4490-9134-108b67f5354e,b7396b2a-8199-4b18-9205-8565fd46ab7d,Ví Momo,E_WALLET,0,VND
edc60f6c-6ffc-4531-a5f1-fccd7ef774ef,1e01b9cc-fb65-42b6-bf19-1753830009d7,Tài khoản MB Bank,BANK,0,VND
b3a03f0c-9def-4c2a-879f-967f690f224e,16f188bd-46ef-4337-8840-d0cbb1222f55,Tài khoản Techcombank,BANK,0,VND
7563f014-a2c6-49b0-829e-ca59782ca1fa,4ce494c5-357c-47fa-b009-c5710ed80d53,Thẻ tín dụng CitiBank,CREDIT_CARD,0,VND
96e4d061-33ef-40da-b293-98d6dbbacb67,e9a1341a-c553-4d4b-9b7c-25b3d910cbe6,Tài khoản Techcombank,BANK,0,VND
e2e03579-5c9e-4e0e-b8bf-909608672040,140c7f72-77e3-43d4-bbde-4f153e628dee,Ví Tiền Mặt,CASH,0,VND
b68b89a6-5716-4000-9be4-6aca43643c23,199aca62-766c-4bec-b260-93d02b553870,Thẻ tín dụng HSBC,CREDIT_CARD,0,VND
34906f5f-68d7-41bf-a9b0-86ba570cbdf7,5c0f3b4c-f847-433e-8581-6cd4cc365062,Tài khoản Vietcombank,BANK,0,VND
20b3f326-cb05-4ebc-a108-b52d0ee72df6,bea859ca-7126-45f6-8624-c3c4a2ca43cf,Tài khoản Vietcombank,BANK,0,VND
cbae696d-dba3-4354-8251-86828eefb577,0e2632b7-49cc-4006-890f-4ddd48120194,Tài khoản Techcombank,BANK,0,VND
535f3e90-385f-4d67-a24e-21f067d22783,02c97460-31fe-41e1-a54a-468892daad1a,Ví Momo,E_WALLET,0,VND
6290c07a-a769-46f2-93f5-4361a3fd30a0,8dd5ae3c-8d47-4f04-a432-61d8a42b6912,Ví Momo,E_WALLET,0,VND
cebb5677-09b8-48f2-95c2-cf5c428d6260,f87bacf6-777f-437a-a4d6-6404682b1368,Thẻ tín dụng CitiBank,CREDIT_CARD,0,VND
8093fe3a-adc5-4cc7-a7a1-d6e6d10adbc4,2ab196d8-5c7f-41cd-abb2-6278fa8a008e,Ví Tiền Mặt,CASH,0,VND
f6f4febb-eda3-4143-bc12-4b88d1a306b6,2cdcdd07-ab5d-4fbf-9c6a-363c8d7912dd,Tài khoản Vietcombank,BANK,0,VND
0549318b-8b7d-40c9-aa07-7274e0012d40,e4fa4032-ecc9-461d-bdb8-e55e2ec044f5,Thẻ tín dụng CitiBank,CREDIT_CARD,0,VND
328d747f-2dda-4d8f-af76-d2e549bb0a30,fd58d414-6cbb-40dc-a3a9-ba062bfc15bc,Ví Momo,E_WALLET,0,VND
390ea435-050d-490c-9759-3632fc6118e7,e463c5da-85ca-423d-bada-c8722a37af4f,Thẻ tín dụng CitiBank,CREDIT_CARD,0,VND
81737e5a-6d6d-4b40-a2f6-ede14096b41a,2f6156c5-f588-47b8-8ff9-86efc08cd4ba,Thẻ tín dụng HSBC,CREDIT_CARD,0,VND
e4bbd980-814e-4dd6-bdd9-a3270350afda,c5af8867-cd76-4cfb-9cb9-551c931f6066,Ví Momo,E_WALLET,0,VND
c3e3ad8f-aeeb-4840-9aec-529d59a8890b,8bcc209f-785e-42d9-8a55-ad309af69514,Thẻ tín dụng VPBank,CREDIT_CARD,0,VND
9cb8c135-f020-4d44-a4c6-1e604b3be1d7,d5a57a26-d876-4149-8da8-37e676a7122f,Ví Tiền Mặt,CASH,0,VND
39661575-13ec-4365-af34-e013699e3611,355dcc1b-bc2e-41a5-8f0a-4de139ca1c6a,Ví ZaloPay,E_WALLET,0,VND
9bd955ea-748b-471c-b9cd-1715acdbd9a3,f09cc247-c28a-49d9-acc3-a7be5ae2474d,Tài khoản Vietcombank,BANK,0,VND
bf242e05-1ba2-4431-9b4f-ae3d139f497e,14c9585c-a11a-432a-932c-49a032ee3a50,Tài khoản MB Bank,BANK,0,VND
74b69fd1-c478-486f-9cc5-796839885cd7,fe3afcce-e531-4717-95b5-0e0a40a080fe,Thẻ tín dụng HSBC,CREDIT_CARD,0,VND
f9dffaa9-b580-452c-9440-168e2b652808,f4450014-e56a-49fb-8540-4918c57d6396,Ví ShopeePay,E_WALLET,0,VND
be51b070-40b1-4a48-8c12-cae17ccb8dd0,911f23aa-5fa4-4b1a-9f02-4d1c9c9fe626,Ví ZaloPay,E_WALLET,0,VND
8e77dda9-4315-4fb4-a7f7-fbe92b9682b0,bb7c22cc-ffad-4d5a-be34-1dab046b8df3,Tài khoản MB Bank,BANK,0,VND
115e5dea-2773-470e-8392-4110695c2243,0929f055-08fe-48be-a629-085630e2307f,Ví Momo,E_WALLET,0,VND
416e619c-a1c2-48db-919e-d6999e50aee1,89369c31-c359-46ec-a5f9-c520b00498b5,Ví ShopeePay,E_WALLET,0,VND
afd4b604-a3d3-4309-8b49-55c048e76583,067bf019-1907-488e-b517-d2c24b2a43ba,Tài khoản Techcombank,BANK,0,VND
f3bc4cb0-aee3-49cc-98b0-284d4e7bd7da,42637386-fb69-4195-8bb3-aa4f5514b21a,Tài khoản Techcombank,BANK,0,VND
c6818cca-85bb-4997-9282-763f13d42946,547fa433-66f2-4c27-be8d-ae8e6677b500,Thẻ tín dụng HSBC,CREDIT_CARD,0,VND
25a3165a-e170-42b9-afd2-955c27ae5fc7,33cf668d-eb31-4abe-bbdf-494c38e09622,Tài khoản Techcombank,BANK,0,VND
0f9a5456-dda7-4dec-976b-9e8aa7d8cfd7,3f6af16f-81fe-44b1-b16a-365093cc3412,Ví ShopeePay,E_WALLET,0,VND
e1e9c888-8ae3-490c-b663-b2ac868300bd,03b27a3a-0cda-4bc3-bb7f-8aabc13b9cb5,Ví ShopeePay,E_WALLET,0,VND
5ba74093-5193-4006-a607-dd9c7ac1b848,2d56337b-b036-4ed0-9c78-33ef684c92a5,Ví Tiền Mặt,CASH,0,VND
3105c1fe-b882-4040-8735-fb105a415a28,28bbc773-7ffa-474c-9b22-94c4e1617a9e,Ví ZaloPay,E_WALLET,0,VND
a8046377-9b58-4c61-97d7-a29f2d0e31fd,238ec16a-4142-478e-8872-89bc6723bd10,Tài khoản Vietcombank,BANK,0,VND
fe6be7a5-dfbb-488b-97e0-574fa5c383e6,a9724b28-4ab6-46aa-9987-a80bef17a090,Thẻ tín dụng VPBank,CREDIT_CARD,0,VND
03962e7b-3ca5-4381-a210-02771cdb5c26,332cbe57-1547-43dc-8f6b-d1b87647f59e,Thẻ tín dụng CitiBank,CREDIT_CARD,0,VND
bd8ad26d-c2de-4baf-8ec6-34b5382117fc,b64bef26-8d23-42c5-958c-2e6f256d7a2e,Tài khoản Techcombank,BANK,0,VND
8f4a1d5b-72f8-4332-919d-95b73da9cb36,28cea656-1460-44ae-8906-a05ac115a1b6,Thẻ tín dụng HSBC,CREDIT_CARD,0,VND
a2844048-b5d3-421b-94af-2450641f3100,ef5315e5-1415-4b5b-81f0-d842ec2e4e71,Tài khoản Techcombank,BANK,0,VND
d2112e88-f0e4-4fa9-8b7d-7e72ced81ccf,00b1e9cb-8b43-43e8-86d0-535d253fb070,Thẻ tín dụng CitiBank,CREDIT_CARD,0,VND
